{"cameraMode":{"drawMode":0,"name":"Shaded","section":"Shading Mode"},"sceneLighting":false,"audioPlay":false,"sceneViewState":{"showFog":true,"showMaterialUpdate":false,"showSkybox":false,"showFlares":true,"showImageEffects":true,"showParticleSystems":true},"in2DMode":false,"pivot":{"x":9.190009117126465,"y":5.71080207824707,"z":8.580852508544922},"rotation":{"x":-0.022055378183722497,"y":0.9469802379608154,"z":0.06657610088586807,"w":0.3136090040206909},"size":5.263017654418945,"orthographic":false}