{"cameraMode":{"drawMode":0,"name":"Shaded","section":"Shading Mode"},"sceneLighting":false,"audioPlay":false,"sceneViewState":{"showFog":true,"showMaterialUpdate":false,"showSkybox":false,"showFlares":true,"showImageEffects":true,"showParticleSystems":true},"in2DMode":false,"pivot":{"x":-1.2175846099853516,"y":8.603713035583496,"z":-1.0636317729949952},"rotation":{"x":-0.05652491748332977,"y":0.6675532460212708,"z":0.05098291113972664,"w":0.7407095432281494},"size":22.0,"orthographic":false}