{"cameraMode":{"drawMode":0,"name":"Shaded","section":"Shading Mode"},"sceneLighting":false,"audioPlay":false,"sceneViewState":{"showFog":true,"showMaterialUpdate":false,"showSkybox":true,"showFlares":true,"showImageEffects":true,"showParticleSystems":true},"in2DMode":false,"pivot":{"x":0.38480114936828616,"y":1.0962520837783814,"z":0.7938888072967529},"rotation":{"x":-0.10485362261533737,"y":0.6610459685325623,"z":-0.09403388202190399,"w":-0.7370373010635376},"size":3.799913167953491,"orthographic":false}