{"cameraMode":{"drawMode":0,"name":"Shaded","section":"Shading Mode"},"sceneLighting":false,"audioPlay":false,"sceneViewState":{"showFog":true,"showMaterialUpdate":false,"showSkybox":false,"showFlares":true,"showImageEffects":true,"showParticleSystems":true},"in2DMode":false,"pivot":{"x":-0.10791468620300293,"y":0.0374671146273613,"z":-0.3377060890197754},"rotation":{"x":-0.004232528619468212,"y":0.8912330269813538,"z":-0.008291760459542275,"w":-0.45349985361099245},"size":0.9187695384025574,"orthographic":false}