{"cameraMode":{"drawMode":0,"name":"Shaded","section":"Shading Mode"},"sceneLighting":false,"audioPlay":false,"sceneViewState":{"showFog":true,"showMaterialUpdate":false,"showSkybox":false,"showFlares":true,"showImageEffects":true,"showParticleSystems":true},"in2DMode":false,"pivot":{"x":27.17545509338379,"y":13.137855529785157,"z":60.853309631347659},"rotation":{"x":-0.05276897922158241,"y":0.9418449997901917,"z":-0.2808626592159271,"w":-0.1769367903470993},"size":3.656935214996338,"orthographic":false}