{"cameraMode":{"drawMode":0,"name":"Shaded","section":"Shading Mode"},"sceneLighting":false,"audioPlay":false,"sceneViewState":{"showFog":true,"showMaterialUpdate":false,"showSkybox":false,"showFlares":true,"showImageEffects":true,"showParticleSystems":true},"in2DMode":false,"pivot":{"x":0.0,"y":0.5000002384185791,"z":0.30749964714050295},"rotation":{"x":-0.05878451094031334,"y":0.9329941272735596,"z":-0.17876559495925904,"w":-0.3068043291568756},"size":16.94996452331543,"orthographic":false}