{"cameraMode":{"drawMode":0,"name":"Shaded","section":"Shading Mode"},"sceneLighting":false,"audioPlay":false,"sceneViewState":{"showFog":true,"showMaterialUpdate":false,"showSkybox":true,"showFlares":true,"showImageEffects":true,"showParticleSystems":true},"in2DMode":false,"pivot":{"x":7.780177116394043,"y":5.729284763336182,"z":9.21653938293457},"rotation":{"x":0.15304192900657655,"y":0.22467327117919923,"z":-0.0357423759996891,"w":0.9617156386375427},"size":2.0035178661346437,"orthographic":false}