{"cameraMode":{"drawMode":0,"name":"Shaded","section":"Shading Mode"},"sceneLighting":false,"audioPlay":false,"sceneViewState":{"showFog":true,"showMaterialUpdate":false,"showSkybox":true,"showFlares":true,"showImageEffects":true,"showParticleSystems":true},"in2DMode":false,"pivot":{"x":7.1526947021484379,"y":7.521617889404297,"z":13.67403507232666},"rotation":{"x":0.2111377865076065,"y":0.6458393335342407,"z":-0.19258949160575868,"w":0.7080222964286804},"size":37.132232666015628,"orthographic":false}