{"cameraMode":{"drawMode":0,"name":"Shaded","section":"Shading Mode"},"sceneLighting":false,"audioPlay":false,"sceneViewState":{"showFog":true,"showMaterialUpdate":false,"showSkybox":true,"showFlares":true,"showImageEffects":true,"showParticleSystems":true},"in2DMode":false,"pivot":{"x":-7.531108856201172,"y":-3.2745203971862795,"z":-8.809759140014649},"rotation":{"x":-0.05878451094031334,"y":0.9329941272735596,"z":-0.17876559495925904,"w":-0.3068043291568756},"size":72.24186706542969,"orthographic":false}