{"cameraMode":{"drawMode":0,"name":"Shaded","section":"Shading Mode"},"sceneLighting":false,"audioPlay":false,"sceneViewState":{"showFog":true,"showMaterialUpdate":false,"showSkybox":false,"showFlares":true,"showImageEffects":true,"showParticleSystems":true},"in2DMode":false,"pivot":{"x":-0.3320298194885254,"y":2.1342694759368898,"z":-0.09626603126525879},"rotation":{"x":-0.004232528619468212,"y":0.8912330269813538,"z":-0.008291760459542275,"w":-0.45349985361099245},"size":5.118769645690918,"orthographic":false}