{"cameraMode":{"drawMode":0,"name":"Shaded","section":"Shading Mode"},"sceneLighting":false,"audioPlay":false,"sceneViewState":{"showFog":true,"showMaterialUpdate":false,"showSkybox":true,"showFlares":true,"showImageEffects":true,"showParticleSystems":true},"in2DMode":false,"pivot":{"x":146.62010192871095,"y":-81.15933227539063,"z":-2.7054343223571779},"rotation":{"x":-0.05652491748332977,"y":0.6675532460212708,"z":0.05098291113972664,"w":0.7407095432281494},"size":0.28579992055892947,"orthographic":false}