{"cameraMode":{"drawMode":0,"name":"Shaded","section":"Shading Mode"},"sceneLighting":false,"audioPlay":false,"sceneViewState":{"showFog":true,"showMaterialUpdate":false,"showSkybox":true,"showFlares":true,"showImageEffects":true,"showParticleSystems":true},"in2DMode":false,"pivot":{"x":-2.400282382965088,"y":0.12431144714355469,"z":-2.122572660446167},"rotation":{"x":-0.12167663872241974,"y":0.8665263652801514,"z":-0.25698789954185488,"w":-0.41027432680130007},"size":14.998055458068848,"orthographic":false}