{"cameraMode":{"drawMode":0,"name":"Shaded","section":"Shading Mode"},"sceneLighting":false,"audioPlay":false,"sceneViewState":{"showFog":true,"showMaterialUpdate":false,"showSkybox":false,"showFlares":true,"showImageEffects":true,"showParticleSystems":true},"in2DMode":false,"pivot":{"x":-9.572624206542969,"y":-5.220350742340088,"z":5.190951347351074},"rotation":{"x":0.5401493906974793,"y":0.07671713829040528,"z":-0.8366361856460571,"w":0.04961605370044708},"size":23.72039794921875,"orthographic":false}