{"cameraMode":{"drawMode":0,"name":"Shaded","section":"Shading Mode"},"sceneLighting":false,"audioPlay":false,"sceneViewState":{"showFog":true,"showMaterialUpdate":false,"showSkybox":false,"showFlares":true,"showImageEffects":true,"showParticleSystems":true},"in2DMode":false,"pivot":{"x":7.531108856201172,"y":11.004520416259766,"z":1.7997589111328126},"rotation":{"x":0.05948396399617195,"y":0.9043037295341492,"z":-0.13418705761432649,"w":0.4009135961532593},"size":22.0,"orthographic":false}